Sid|Category|Title|Professor|Created at|Corpus|Description|Course
0|Maths|MIT 18.S190 Introduction To Metric Spaces, IAP 2023|paige bright|2023-04-04T14:50:46Z|MIT OpenCourseWare|Instructor: Paige Bright  View the complete course: https://ocw.mit.edu/courses/18-s190-introduction-to-metric-spaces-january-iap-2023/  How do we go from real analysis on Euclidean space to more general settings? We use metric spaces! In this six-lecture course we develop the general theory of metric spaces, including compact sets, complete metric spaces, and much more.  License: Creative Commons BY-NC-SA More information at https://ocw.mit.edu/terms More courses at https://ocw.mit.edu Support OCW at http://ow.ly/a1If50zVRlQ  We encourage constructive comments and discussion on OCW’s YouTube and other social media channels. Personal attacks, hate speech, trolling, and inappropriate comments are not allowed and may be removed. More details at https://ocw.mit.edu/comments.|PLUl4u3cNGP613ULTyHAqz04niYf722x7S
1|Maths|MIT 18.650 Statistics for Applications, Fall 2016|philippe rigollet|2017-07-20T18:35:48Z|MIT OpenCourseWare|MIT 18.650 Statistics for Applications, Fall 2016 View the complete course: http://ocw.mit.edu/18-650F16 Instructor: Philippe Rigollet  This course offers an in-depth the theoretical foundations for statistical methods that are useful in many applications. The goal is to understand the role of mathematics in the research and development of efficient statistical methods.  License: Creative Commons BY-NC-SA More information at http://ocw.mit.edu/terms More courses at http://ocw.mit.edu|PLUl4u3cNGP60uVBMaoNERc6knT_MgPKS0
2|Maths|Gil Strang's Final 18.06 Linear Algebra Lecture||2023-06-23T18:45:45Z|MIT OpenCourseWare|Speakers:  Gilbert Strang, Alan Edelman, Pavel Grinfeld, Michel Goemans   Revered mathematics professor Gilbert Strang capped a 61-year career as a faculty member at MIT by delivering his final 18.06 Linear Algebra lecture before retiring at the age of 88. In addition to a brief review for the course final exam, the overflowing audience (both in person and on the live YouTube stream) heard recollections, appreciations, and congratulations from Prof. Strang’s colleagues and former students.  A rousing standing ovation concluded this historic event.  This video has been dubbed using an artificial voice via https://aloud.area120.google.com to increase accessibility. You can change the audio track language in the Settings menu.  License: Creative Commons BY-NC-SA More information at https://ocw.mit.edu/terms More courses at https://ocw.mit.edu Support OCW at http://ow.ly/a1If50zVRlQ  We encourage constructive comments and discussion on OCW’s YouTube and other social media channels. Personal attacks, hate speech, trolling, and inappropriate comments are not allowed and may be removed. More details at https://ocw.mit.edu/comments.|PLUl4u3cNGP60DW_heGsvmEGwaXtGuSzQ7
3|Maths|MIT 18.01 Single Variable Calculus, Fall 2006||2009-01-20T20:01:19Z|MIT OpenCourseWare|This introductory calculus course covers differentiation and integration of functions of one variable, with applications.   **Note: Lectures 8, 17, 27, 34 are exams and therefore have no video  View the complete course at: http://ocw.mit.edu/18-01F06  License: Creative Commons BY-NC-SA More information at ocw.mit.edu/terms|PL590CCC2BC5AF3BC1
4|Maths|MIT 18.02 Multivariable Calculus, Fall 2007||2009-01-21T12:48:34Z|MIT OpenCourseWare|This course covers vector and multi-variable calculus. It is the second semester in the freshman calculus sequence. Topics include vectors and matrices, partial derivatives, double and triple integrals, and vector calculus in 2 and 3-space.  MIT OpenCourseWare offers another version of 18.02, from the Spring 2006 term. Both versions cover the same material, although they are taught by different faculty and rely on different textbooks. Multivariable Calculus (18.02) is taught during the Fall and Spring terms at MIT, and is a required subject for all MIT undergraduates.  License: Creative Commons BY-NC-SA More information at ocw.mit.edu/terms|PL4C4C8A7D06566F38
5|Maths|MIT 18.102 Introduction to Functional Analysis, Spring 2021||2022-09-20T15:57:18Z|MIT OpenCourseWare|MIT 18.102 Introduction to Functional Analysis, Spring 2021 Instructor: Dr. Casey Rodriguez  View the complete course: https://ocw.mit.edu/courses/18-102-introduction-to-functional-analysis-spring-2021/  Functional analysis helps us study and solve both linear and nonlinear problems posed on a normed space that is no longer finite-dimensional, a situation that arises very naturally in many concrete problems. Topics include normed spaces, completeness, functionals, the Hahn-Banach Theorem, duality, operators; Lebesgue measure, measurable functions, integrability, completeness of Lᵖ spaces; Hilbert spaces; compact and self-adjoint operators; and the Spectral Theorem.  License: Creative Commons BY-NC-SA More information at https://ocw.mit.edu/terms More courses at https://ocw.mit.edu Support OCW at http://ow.ly/a1If50zVRlQ  We encourage constructive comments and discussion on OCW’s YouTube and other social media channels. Personal attacks, hate speech, trolling, and inappropriate comments are not allowed and may be removed. More details at https://ocw.mit.edu/comments.|PLUl4u3cNGP63micsJp_--fRAjZXPrQzW_
6|Maths|MIT 18.S096 Topics in Mathematics w Applications in Finance||2015-01-06T18:16:52Z|MIT OpenCourseWare|The purpose of the class is to expose undergraduate and graduate students to the mathematical concepts and techniques used in the financial industry. Mathematics lectures are mixed with lectures illustrating the corresponding application in the financial industry. MIT mathematicians teach the mathematics part while industry professionals give the lectures on applications in finance.  http://ocw.mit.edu/courses/mathematics/18-s096-topics-in-mathematics-with-applications-in-finance-fall-2013/|PLUl4u3cNGP63ctJIEC1UnZ0btsphnnoHR
7|Maths|MIT 18.217 Graph Theory and Additive Combinatorics, Fall 2019|yufei zhao|2020-04-02T16:58:30Z|MIT OpenCourseWare|Instructor: Yufei Zhao View the complete course: https://ocw.mit.edu/18-217F19  This course examines classical and modern developments in graph theory and additive combinatorics, with a focus on topics and themes that connect the two subjects. The course also introduces students to current research topics and open problems.  License: Creative Commons BY-NC-SA More information at https://ocw.mit.edu/terms More courses at https://ocw.mit.edu|PLUl4u3cNGP62qauV_CpT1zKaGG_Vj5igX
8|Maths|MIT Calculus Revisited: Single Variable Calculus||2010-11-29T19:18:40Z|MIT OpenCourseWare|Resource Description:  Calculus Revisited is a series of videos and related resources that covers the materials normally found in a freshman-level introductory calculus course.  The series was first released in 1970 as a way for people to review the essentials of calculus.  It is equally valuable for students who are learning calculus for the first time.  About the Instructor:  Herb Gross has taught math as senior lecturer at MIT and was the founding math department chair at Bunker Hill Community College.  He is the developer of the Mathematics As A Second Language website, providing arithmetic and algebra materials to elementary and middle school teachers.  You can read more about Prof. Gross on his website.  Acknowledgements:  Funding for this resource was provided by the Gabriella and Paul Rosenbaum Foundation.  View the complete course at: http://ocw.mit.edu/RES-18-006F10  License: Creative Commons BY-NC-SA More information at http://ocw.mit.edu/terms More courses at http://ocw.mit.edu|PL3B08AE665AB9002A
9|Maths|MIT 18.404J Theory of Computation, Fall 2020|michael sipser|2021-09-14T18:09:14Z|MIT OpenCourseWare|Instructor: Michael Sipser View the complete course: https://ocw.mit.edu/18-404JF20 YouTube Playlist: https://www.youtube.com/playlist?list=PLUl4u3cNGP60_JNv2MmK3wkOt9syvfQWY  Professor Sipser introduced many important concepts in theory of computation and proved several theorems, such as Cook-Levin Theorem, Savitch’s Theorem, and Immerman-Szelepcsenyi theorem. These videos emphasize computability and computational complexity theory.  *There is no video for Lecture 13 as that was the day for the Midterm Exam.*  License: Creative Commons BY-NC-SA More information at https://ocw.mit.edu/terms More courses at https://ocw.mit.edu Support OCW at http://ow.ly/a1If50zVRlQ  We encourage constructive comments and discussion on OCW’s YouTube and other social media channels. Personal attacks, hate speech, trolling, and inappropriate comments are not allowed and may be removed. More details at https://ocw.mit.edu/comments.|PLUl4u3cNGP60_JNv2MmK3wkOt9syvfQWY
10|Maths|A Vision of Linear Algebra|gilbert strang|2020-04-23T16:56:07Z|MIT OpenCourseWare|Instructor: Gilbert Strang View the complete course: https://ocw.mit.edu/2020-vision YouTube Playlist: https://www.youtube.com/playlist?list=PLUl4u3cNGP61iQEFiWLE21EJCxwmWvvek  Professor Strang introduces his updated vision of how to start learning linear algebra, based on matrices. These brief videos provide an overview of his full Linear Algebra course on MIT OpenCourseWare.  License: Creative Commons BY-NC-SA More information at https://ocw.mit.edu/terms More courses at https://ocw.mit.edu|PLUl4u3cNGP61iQEFiWLE21EJCxwmWvvek
11|Maths|MIT 18.065 Matrix Methods in Data Analysis, Signal Processing, and Machine Learning, Spring 2018|gilbert strang|2019-04-03T21:02:25Z|MIT OpenCourseWare|Instructor: Gilbert Strang View the complete course: https://ocw.mit.edu/18-065S18  Linear algebra concepts are key for understanding and creating machine learning algorithms, especially as applied to deep learning and neural networks. This course reviews linear algebra with applications to probability and statistics and optimization–and above all a full explanation of deep learning.  License: Creative Commons BY-NC-SA More information at https://ocw.mit.edu/terms More courses at https://ocw.mit.edu|PLUl4u3cNGP63oMNUHXqIUcrkS2PivhN3k
12|Maths|MIT Calculus Revisited: Multivariable Calculus|herbert gross|2011-12-20T17:09:33Z|MIT OpenCourseWare|Instructor: Herbert Gross  This course is a study of the calculus of  functions of several variables (vector arithmetic and vector calculus).  View the complete course at: https://ocw.mit.edu/RES18-007F11  License: Creative Commons BY-NC-SA More information at http://ocw.mit.edu/terms More courses at http://ocw.mit.edu|PL1C22D4DED943EF7B
13|Maths|MIT RES.LL-005 Mathematics of Big Data and Machine Learning, IAP 2020|jeremy kepner|2020-05-18T12:49:33Z|MIT OpenCourseWare|Instructor: Jeremy Kepner, Vijay Gadepally View the complete course: https://ocw.mit.edu/RES-LL-005IAP20 YouTube Playlist: https://www.youtube.com/playlist?list...  This January 2020 IAP class focused on artificial intelligence and machine learning with an emphasis on the data handling challenges.  License: Creative Commons BY-NC-SA More information at https://ocw.mit.edu/terms More courses at https://ocw.mit.edu|PLUl4u3cNGP62uI_DWNdWoIMsgPcLGOx-V
14|Maths|MIT 18.100A Real Analysis, Fall 2020||2022-04-08T16:00:04Z|MIT OpenCourseWare|Instructor: Dr. Casey Rodriguez View the complete course: http://ocw.mit.edu/courses/18-100a-real-analysis-fall-2020/  This course covers the fundamentals of mathematical analysis: convergence of sequences and series, continuity, differentiability, Riemann integral, sequences and series of functions, uniformity, and the interchange of limit operations. It shows the utility of abstract concepts through a study of real numbers, and teaches an understanding and construction of proofs.  License: Creative Commons BY-NC-SA More information at https://ocw.mit.edu/terms More courses at https://ocw.mit.edu Support OCW at http://ow.ly/a1If50zVRlQ  We encourage constructive comments and discussion on OCW’s YouTube and other social media channels. Personal attacks, hate speech, trolling, and inappropriate comments are not allowed and may be removed. More details at https://ocw.mit.edu/comments.|PLUl4u3cNGP61O7HkcF7UImpM0cR_L2gSw
15|Computer Science|AI 101 with Brandon Leshchinskiy|brandon leshchinskiy|2022-06-08T16:05:58Z|MIT OpenCourseWare|"Instructor: Brandon Leshchinskiy View the complete course: http://ocw.mit.edu/courses/res-6-013-ai-101-fall-2021/  This is a video of Brandon Leshchinskiy's presentation ""AI 101,"" which provides an introductory overview of the application of artificial intelligence in solving real-world problems: which tasks machine learning handles well, how it works, and what its shortcomings are.  License: Creative Commons BY-NC-SA More information at https://ocw.mit.edu/terms More courses at https://ocw.mit.edu Support OCW at http://ow.ly/a1If50zVRlQ  We encourage constructive comments and discussion on OCW’s YouTube and other social media channels. Personal attacks, hate speech, trolling, and inappropriate comments are not allowed and may be removed. More details at https://ocw.mit.edu/comments."|PLUl4u3cNGP61O2kne_fe_Clsqvu0b3kcu
16|Computer Science|6.0001 Introduction to Computer Science and Programming in Python. Fall 2016||2017-01-09T19:43:24Z|MIT OpenCourseWare|View the complete course: http://ocw.mit.edu/6-0001F16 Instructor: Dr. Ana Bell  6.0001 Introduction to Computer Science and Programming in Python is intended for students with little or no programming experience. It aims to provide students with an understanding of the role computation can play in solving problems and to help students, regardless of their major, feel justifiably confident of their ability to write small programs that allow them to accomplish useful goals. The class uses the Python 3.5 programming language.  License: Creative Commons BY-NC-SA More information at http://ocw.mit.edu/terms More courses at http://ocw.mit.edu|PLUl4u3cNGP63WbdFxL8giv4yhgdMGaZNA
17|Computer Science|MIT 6.0002 Introduction to Computational Thinking and Data Science, Fall 2016|john guttag|2017-05-11T14:55:27Z|MIT OpenCourseWare|View the complete course: http://ocw.mit.edu/6-0002F16 Instructor: John Guttag  This course provides students with an understanding of the role computation can play in solving problems. Student will learn to write small programs using the Python 3.5 programming language.  License: Creative Commons BY-NC-SA More information at http://ocw.mit.edu/terms More courses at http://ocw.mit.edu|PLUl4u3cNGP619EG1wp0kT-7rDE_Az5TNd
18|Computer Science|MIT 6.006 Introduction to Algorithms, Spring 2020||2021-06-25T20:00:17Z|MIT OpenCourseWare|Instructor: Prof. Erik Demaine, Dr. Jason Ku, Prof. Justin Solomon  View the complete course: https://ocw.mit.edu/6-006S20 YouTube Playlist: https://www.youtube.com/playlist?list=PLUl4u3cNGP63EdVPNLG3ToM6LaEUuStEY  This course is an introduction to mathematical modeling of computational problems, as well as common algorithms, algorithmic paradigms, and data structures used to solve these problems. It emphasizes the relationship between algorithms and programming and introduces basic performance measures and analysis techniques for these problems.  License: Creative Commons BY-NC-SA More information at https://ocw.mit.edu/terms More courses at https://ocw.mit.edu Support OCW at http://ow.ly/a1If50zVRlQ  We encourage constructive comments and discussion on OCW’s YouTube and other social media channels. Personal attacks, hate speech, trolling, and inappropriate comments are not allowed and may be removed. More details at https://ocw.mit.edu/comments.|PLUl4u3cNGP63EdVPNLG3ToM6LaEUuStEY
19|Computer Science|MIT 6.01SC Introduction to EECS I|dennis freeman|2011-12-19T18:13:39Z|MIT OpenCourseWare|Instructor: Dennis Freeman, Kendra Pugh  This course provides an integrated introduction to electrical engineering and computer science, including modern software engineering, linear systems analysis, electronic circuits, and decision-making.  The lecture videos provide an overview of each topic, while the recitation videos are designed to review key concepts.  View the complete course at: http://ocw.mit.edu/6-01SCS11  License: Creative Commons BY-NC-SA More information at http://ocw.mit.edu/terms More courses at http://ocw.mit.edu|PL9B24A6A9D5754E70
20|Computer Science|MIT 6.046J Design and Analysis of Algorithms, Spring 2015||2016-01-22T20:39:37Z|MIT OpenCourseWare|View the complete course: http://ocw.mit.edu/6-046JS15 Instructors: Erik Demaine, Srinivas Devadas, Nancy Ann Lynch  6.046 introduces students to the design of computer algorithms, as well as analysis of sophisticated algorithms.  License: Creative Commons BY-NC-SA More information at http://ocw.mit.edu/terms More courses at http://ocw.mit.edu|PLUl4u3cNGP6317WaSNfmCvGym2ucw3oGp
21|Computer Science|MIT 6.042J Mathematics for Computer Science, Spring 2015|albert r|2015-11-02T17:25:49Z|MIT OpenCourseWare|MIT 6.042J Mathematics for Computer Science, Spring 2015 View the complete course: http://ocw.mit.edu/6-042JS15 Instructor: Albert R. Meyer  This subject offers an interactive introduction to discrete mathematics oriented toward computer science and engineering. The subject coverage divides roughly into thirds:  1)Fundamental concepts of mathematics: Definitions, proofs, sets, functions, relations. 2)Discrete structures: graphs, state machines, modular arithmetic, counting. 3)Discrete probability theory.  On completion of 6.042J, students will be able to explain and apply the basic methods of discrete (noncontinuous) mathematics in computer science. They will be able to use these methods in subsequent courses in the design and analysis of algorithms, computability theory, software engineering, and computer systems.  License: Creative Commons BY-NC-SA More information at http://ocw.mit.edu/terms More courses at http://ocw.mit.edu|PLUl4u3cNGP60UlabZBeeqOuoLuj_KNphQ
22|Computer Science|MIT 6.S095 Programming for the Puzzled, January IAP 2018|srini devadas|2018-05-03T16:17:57Z|MIT OpenCourseWare|MIT 6.S095 Programming for the Puzzled, IAP 2018 View the complete course: https://ocw.mit.edu/6-S095IAP18 Instructor: Srini Devadas  Do you like solving recreational puzzles but think programming is difficult or boring? In these videos, Prof. Devadas describes algorithmic puzzles that you will want to solve and whose solutions you will want to code! All code examples use Python.  License: Creative Commons BY-NC-SA More information at https://ocw.mit.edu/terms More courses at https://ocw.mit.edu|PLUl4u3cNGP62QumaaZtCCjkID-NgqrleA
23|Computer Science|MIT 6.890 Algorithmic Lower Bounds, Fall 2014|erik demaine|2015-07-14T18:41:30Z|MIT OpenCourseWare|View the complete course: http://ocw.mit.edu/6-890F14 Instructor: Erik Demaine  In this lecture, Professor Demaine gives a brief overview of the class, summarizing the prerequisite complexity theory and featuring two examples of hardness proofs in games.  License: Creative Commons BY-NC-SA More information at http://ocw.mit.edu/terms More courses at http://ocw.mit.edu|PLUl4u3cNGP63d33STUUBfZUpzFCVR5-PV
24|Computer Science|MIT 6.858 Computer Systems Security, Fall 2014|nickolai zeldovich|2015-07-07T16:07:55Z|MIT OpenCourseWare|View the complete course: http://ocw.mit.edu/6-858F14 Instructor: Nickolai Zeldovich  This is a class on the design and implementation of secure computer systems, focusing on threat models, attacks that compromise security, and techniques for achieving security. * Now with less squeaking chairs! *  License: Creative Commons BY-NC-SA More information at http://ocw.mit.edu/terms More courses at http://ocw.mit.edu|PLUl4u3cNGP62K2DjQLRxDNRi0z2IRWnNh
25|Computer Science|MIT 6.034 Artificial Intelligence, Fall 2010|patrick winston|2013-12-31T17:42:08Z|MIT OpenCourseWare|View the complete course: http://ocw.mit.edu/6-034F10 Instructor: Patrick Winston  In these lectures, Prof. Patrick Winston introduces the 6.034 material from a conceptual, big-picture perspective. Topics include reasoning, search, constraints, learning, representations, architectures, and probabilistic inference.  License: Creative Commons BY-NC-SA More information at http://ocw.mit.edu/terms More courses at http://ocw.mit.edu|PLUl4u3cNGP63gFHB6xb-kVBiQHYe_4hSi
26|Computer Science|MIT 6.189 Multicore Programming Primer, January (IAP) 2007||2009-03-04T11:49:41Z|MIT OpenCourseWare|The course serves as an introductory course in parallel programming. It offers a series of lectures on parallel programming concepts as well as a group project providing hands-on experience with parallel programming. The students will have the unique opportunity to use the cutting-edge PLAYSTATION 3 development platform as they learn how to design and implement exciting applications for multicore architectures. At the end of the course, students will have an understanding of:      * Fundamental design philosophies that multicore architectures address.     * Parallel programming philosophies and emerging best practices.  This course is offered during the Independent Activities Period (IAP), which is a special 4-week term at MIT that runs from the first week of January until the end of the month. The course can be tailored to a normal semester time line.|PLE638294EA3288272
27|Computer Science|MIT 6.S897 Machine Learning for Healthcare, Spring 2019||2020-03-02T19:15:22Z|MIT OpenCourseWare|Instructors: David Sontag, Peter Szolovits View the complete course: https://ocw.mit.edu/6-S897S19  Introduces students to machine learning in healthcare, the nature of clinical data, and the use of machine learning for risk stratification, disease progression modeling, precision medicine, diagnosis, subtype discovery, and improving clinical workflows.  License: Creative Commons BY-NC-SA More information at https://ocw.mit.edu/terms More courses at https://ocw.mit.edu|PLUl4u3cNGP60B0PQXVQyGNdCyCTDU1Q5j
28|Computer Science|MIT 6.801 Machine Vision, Fall 2020|berthold horn|2022-02-10T21:53:47Z|MIT OpenCourseWare|Instructor: Berthold Horn View the complete course: https://ocw.mit.edu/6-801F20 YouTube Playlist: https://www.youtube.com/playlist?list=PLUl4u3cNGP63pfpS1gV5P9tDxxL_e4W8O  This course is an introduction to the process of generating a symbolic description of the environment from an image. It covers the physics of image formation, image analysis, binary image processing, and filtering. Machine vision has applications in robotics and the intelligent interaction of machines with their environment. Students taking the graduate version complete additional assignments.  License: Creative Commons BY-NC-SA More information at https://ocw.mit.edu/terms More courses at https://ocw.mit.edu Support OCW at http://ow.ly/a1If50zVRlQ  We encourage constructive comments and discussion on OCW’s YouTube and other social media channels. Personal attacks, hate speech, trolling, and inappropriate comments are not allowed and may be removed. More details at https://ocw.mit.edu/comments.|PLUl4u3cNGP63pfpS1gV5P9tDxxL_e4W8O
29|Economics|MIT 14.771 Development Economics, Fall 2021|esther duflo|2022-11-28T19:39:02Z|MIT OpenCourseWare|MIT 14.771 Development Economics, Fall 2021 Instructor: Esther Duflo  View the complete course: https://ocw.mit.edu/courses/14-771-development-economics-fall-2021 YouTube Playlist: https://www.youtube.com/playlist?list=PLUl4u3cNGP61kvh3caDts2R6LmkYbmzaG  This course provides rigorous introduction to core microeconomic issues in economic development, focusing on both key theoretical contributions and empirical applications to understand both why some countries are poor and on how markets function differently in poor economies. Topics include human capital (education and health); labor markets; credit markets; land markets; firms; and the role of the public sector.  License: Creative Commons BY-NC-SA More information at https://ocw.mit.edu/terms More courses at https://ocw.mit.edu Support OCW at http://ow.ly/a1If50zVRlQ  We encourage constructive comments and discussion on OCW’s YouTube and other social media channels. Personal attacks, hate speech, trolling, and inappropriate comments are not allowed and may be removed. More details at https://ocw.mit.edu/comments.|PLUl4u3cNGP61kvh3caDts2R6LmkYbmzaG
30|Economics|MIT 14.04 Intermediate Microeconomic Theory, Fall 2020||2022-08-03T16:00:21Z|MIT OpenCourseWare|Instructor: Prof. Robert Townsend View the complete course: https://ocw.mit.edu/courses/14-04-intermediate-microeconomic-theory-fall-2020/ YouTube Playlist: https://www.youtube.com/playlist?list...  This course provides an introduction to theory and data designed to meet the needs of students interested in economic science. It provides an introduction to consumer choice, the theory of the firm and general equilibrium models, with an overview of the main results and tools used in these subjects, both directly and indirectly as used in a variety of fields.  License: Creative Commons BY-NC-SA More information at https://ocw.mit.edu/terms More courses at https://ocw.mit.edu Support OCW at http://ow.ly/a1If50zVRlQ  We encourage constructive comments and discussion on OCW’s YouTube and other social media channels. Personal attacks, hate speech, trolling, and inappropriate comments are not allowed and may be removed. More details at https://ocw.mit.edu/comments.|PLUl4u3cNGP63wnrKge9vllow3Y2OOOKqF
31|Environment|MIT 11.382 Water Diplomacy, Spring 2021||2022-01-03T23:24:15Z|MIT OpenCourseWare|MIT 11.382 Water Diplomacy, Spring 2021 Instructor: Dr. Animesh Gain, Prof. Lawrence Susskind, and MIT students View the complete course: https://ocw.mit.edu/11-382S21 YouTube Playlist: https://www.youtube.com/playlist?list=PLUl4u3cNGP62ydNAexE7BtehzDRyFBUEe  This is a selection of videos from lectures and student presentations delivered over Zoom in 11.382 Water Diplomacy.  License: Creative Commons BY-NC-SA More information at https://ocw.mit.edu/terms More courses at https://ocw.mit.edu Support OCW at http://ow.ly/a1If50zVRlQ  We encourage constructive comments and discussion on OCW’s YouTube and other social media channels. Personal attacks, hate speech, trolling, and inappropriate comments are not allowed and may be removed. More details at https://ocw.mit.edu/comments.|PLUl4u3cNGP62ydNAexE7BtehzDRyFBUEe
32|History|MIT 24.912 Introduction to Black Studies, Spring 2017|noam chomsky|2018-02-16T21:07:28Z|MIT OpenCourseWare|View the complete course: https://ocw.mit.edu/24-912S17 Instructor: Noam Chomsky, Michel Anne-Frederic DeGraff  In these videos, the instructor describes various aspects of how he teaches the course, Professor Emeritus Noam Chomksy shares his perspective as a guest speaker during the last class session, and a group of students describe key learning experiences in the course.  License: Creative Commons BY-NC-SA More information at https://ocw.mit.edu/terms More courses at https://ocw.mit.edu|PLUl4u3cNGP62ihmDWYj4LMPMdHBHiPa_7
33|Social Sciences|MIT 14.73 The Challenge of World Poverty, Spring 2011||2013-01-10T22:05:53Z|MIT OpenCourseWare|Instructors: Prof. Esther Duflo and Prof. Abhijit Banerjee View the complete course: http://ocw.mit.edu/14-73S11  Video lectures of the course 14.73 recorded in Spring 2011.  License: Creative Commons BY-NC-SA More information at http://ocw.mit.edu/terms More courses at http://ocw.mit.edu|PLUl4u3cNGP620R91K4KP_fO4l3eeK5lDn
34|Music|MIT 21M.380 Music and Technology, Fall 2009||2010-06-17T14:34:39Z|MIT OpenCourseWare|Instructor: Prof. Christopher Ariza  This course is an investigation into the history and aesthetics of music and technology as deployed in experimental and popular musics from the 19th century to the present. Through original research, creative hands-on projects, readings, and lectures, the following topics will be explored. The history of radio, audio recording, and the recording studio, as well as the development of musique concrète and early electronic instruments. The creation and extension of musical interfaces by composers such as Harry Partch, John Cage, Conlon Nancarrow, and others. The exploration of electromagnetic technologies in pickups, and the development of dub, hip-hop, and turntablism. The history and application of the analog synthesizer, from the Moog modular to the Roland TR-808. The history of computer music, including music synthesis and representation languages. Contemporary practices in circuit bending, live electronics, and electro-acoustic music, as well as issues in copyright and intellectual property, will also be examined. No prerequisites.  See the complete course at: http://ocw.mit.edu/21m-380f09  License: Creative Commons BY-NC-SA More information at http://ocw.mit.edu/terms More courses at http://ocw.mit.edu|PLF9FBF71EC6C744EB
35|Education|MIT RES.21G-001 The User-Friendly Classroom, Spring 2016||2016-10-24T19:50:57Z|MIT OpenCourseWare|View the complete course: http://ocw.mit.edu/RES-21G-001S16 Instructor: A. C. Kemp.  A collection of five videos meant to train college teaching assistants.  License: Creative Commons BY-NC-SA More information at http://ocw.mit.edu/terms More courses at http://ocw.mit.edu|PLUl4u3cNGP63fCab3HxkgpDsJ9nqgAs7k
36|Economics|MIT 14.772 Development Economics: Macroeconomics, Spring 2013|robert townsend|2013-12-30T17:02:41Z|MIT OpenCourseWare|View the complete course: http://ocw.mit.edu/14-772S13 Instructor: Robert Townsend  Prof. Robert Townsend taught the first half of the course, 14.772 Development Economics: Macroeconomics from Spring 2013.  License: Creative Commons BY-NC-SA More information at http://ocw.mit.edu/terms More courses at http://ocw.mit.edu|PLUl4u3cNGP63-t0r0aC3noJiIOmj33S_Q
37|Linguistics|MIT 24.900 Introduction to Linguistics, Spring 2022||2022-11-28T19:48:18Z|MIT OpenCourseWare|Instructor: Prof. Norvin A. Richards View the complete course: https://ocw.mit.edu/courses/24-900-introduction-to-linguistics-spring-2022/  [Note: Due to technical problems with the recording, no video is available for lectures 1 and 7.]  This class provides some answers to basic questions about the nature of human language. Throughout the course, we examine a number of ways in which human language is a complex but law-governed mental system. Much of the class is devoted to studying some core aspects of this system in detail; we also spend individual classes discussing a number of other issues, including how language is acquired, how languages change over time, language endangerment, and others.  License: Creative Commons BY-NC-SA More information at https://ocw.mit.edu/terms More courses at https://ocw.mit.edu Support OCW at http://ow.ly/a1If50zVRlQ  We encourage constructive comments and discussion on OCW’s YouTube and other social media channels. Personal attacks, hate speech, trolling, and inappropriate comments are not allowed and may be removed. More details at https://ocw.mit.edu/comments.|PLUl4u3cNGP63BZGNOqrF2qf_yxOjuG35j
38|Economics|MIT 14.13 Psychology and Economics, Spring 2020||2021-05-24T19:59:46Z|MIT OpenCourseWare|Instructor: Prof. Frank Schilbach View the complete course: https://ocw.mit.edu/14-13S20 YouTube Playlist: https://www.youtube.com/playlist?list=PLUl4u3cNGP63Z979ri_UXXk_1zrvrF77Q  This collection of lecture videos for the course Psychology and Education a sub-field of economics that incorporates insights from psychology and other social sciences into economics.  License: Creative Commons BY-NC-SA More information at https://ocw.mit.edu/terms More courses at https://ocw.mit.edu Support OCW at http://ow.ly/a1If50zVRlQ  We encourage constructive comments and discussion on OCW’s YouTube and other social media channels. Personal attacks, hate speech, trolling, and inappropriate comments are not allowed and may be removed. More details at https://ocw.mit.edu/comments.|PLUl4u3cNGP63Z979ri_UXXk_1zrvrF77Q
39|Education|MIT 21A.550J/STS.064J DV Lab: Documenting Science Through Video and New Media, Spring 2011|chris boebel|2013-12-13T02:49:55Z|MIT OpenCourseWare|Instructor: Chris Boebel, Christine Walley View the complete course: http://ocw.mit.edu/21A.550JS11  This video collection includes three lectures that explore the science documentary, plus lab/demonstration classes about video cameras, audio, lighting, and interviewing techniques.  License: Creative Commons BY-NC-SA More information at http://ocw.mit.edu/terms More courses at http://ocw.mit.edu|PLUl4u3cNGP61EXhUSGCUWD5mEwdRWaTrq
40|Social Sciences|MIT RES.15-003 Shaping the Future of Work, Spring 2016|tom kochan|2017-02-27T20:17:04Z|MIT OpenCourseWare|View the complete course: https://ocw.mit.edu/RES-15-003S16 Instructor: Tom Kochan  This course examines what has to happen in order for employers, workers, governments, and regulators to come together to forge new policies, rules, and understandings for governing the world of work in the twenty-first century century.  License: Creative Commons BY-NC-SA More information at https://ocw.mit.edu/terms More courses at https://ocw.mit.edu|PLUl4u3cNGP61Iarlv9eLlXmTMybRZR1-1
41|Film|MIT 21L.011 The Film Experience, Fall 2013|david thorburn|2016-02-09T16:20:05Z|MIT OpenCourseWare|View the complete course: http://ocw.mit.edu/21L-011F13 Instructor: David Thorburn  This complete set of lecture videos provides a close analysis and criticism of a wide range of films, from the early silent period, classic Hollywood genres including musicals, thrillers and westerns, and European and Japanese art cinema.  License: Creative Commons BY-NC-SA More information at http://ocw.mit.edu/terms More courses at http://ocw.mit.edu|PLUl4u3cNGP63wurgwdJKo6UEYBWDLnmCj
